{"cameraMode":{"drawMode":0,"name":"Shaded","section":"Shading Mode"},"sceneLighting":true,"audioPlay":false,"sceneViewState":{"m_AlwaysRefresh":false,"showFog":true,"showSkybox":true,"showFlares":true,"showImageEffects":true,"showParticleSystems":true,"showVisualEffectGraphs":true,"m_FxEnabled":true},"in2DMode":false,"pivot":{"x":-12.3100004196167,"y":0.2590000033378601,"z":12.930000305175782},"rotation":{"x":-0.21782226860523225,"y":0.21661023795604707,"z":-0.04964722320437431,"w":-0.9503543972969055},"size":25.305206298828126,"orthographic":false}